Device,Device Type,Vendor,Model,Software Version,EIGRP Enabling,ISIS Enabling,OSPF Enabling,BGP Enabling,MC-LAG Enabling,VXLAN Enabling,NAT Enabling
ACI-L3Out-249,Cisco IOS Switch,Cisco,WS-C3750X-24,15.2(4)E6,FALSE,FALSE,FALSE,FALSE,FALSE,FALSE,FALSE
ASA-AA/admin/act,Cisco ASA Firewall,,ASA5510,,TRUE,FALSE,TRUE,FALSE,FALSE,FALSE,FALSE
ASA-AA/context2/act,Cisco ASA Firewall,,ASA5510,,FALSE,FALSE,FALSE,FALSE,FALSE,FALSE,FALSE
ASA.Switch,Cisco IOS Switch,Cisco,3560E,15.2(HI_20170202)FLO_DSGS7,FALSE,FALSE,FALSE,FALSE,FALSE,FALSE,FALSE
ASA@Switch,Cisco IOS Switch,Cisco,3560E,15.2(HI_20170202)FLO_DSGS7,FALSE,FALSE,FALSE,FALSE,FALSE,FALSE,FALSE
ASA\Router,Cisco IOS Switch,Cisco,3560E,15.2(HI_20170202)FLO_DSGS7,FALSE,FALSE,FALSE,FALSE,FALSE,FALSE,FALSE
ASAv40,Cisco ASA Firewall,,ASAv,,FALSE,FALSE,FALSE,FALSE,FALSE,FALSE,FALSE
Aruba-Switch1,Aruba Switch,Aruba,8400,Virtual.10.09.0002,FALSE,FALSE,TRUE,FALSE,FALSE,FALSE,FALSE
BJ-3750-1,Cisco IOS Switch,Cisco,WS-C3750G-48TS,12.2(55)SE4,FALSE,FALSE,TRUE,FALSE,FALSE,FALSE,FALSE
BJ-Avaya-1,Avaya Switch,Avaya,ERS 5520,Ethernet Routing Switch 3550T         HW:01       FW:5.3.0.6   SW:v5.3.0.004 BN:04 (c) Avaya Networks,FALSE,FALSE,FALSE,FALSE,FALSE,FALSE,FALSE
BJ-L2-Core-A,Cisco IOS Switch,Cisco,catalyst356024TS,15.0(2)SE,FALSE,FALSE,FALSE,FALSE,FALSE,FALSE,FALSE
BJ-L2-coreB,Cisco IOS Switch,Cisco,WS-C3560-24TS,15.0(2)SE,FALSE,FALSE,TRUE,FALSE,FALSE,FALSE,FALSE
BJ-R1,Cisco Router,Cisco,2821,15.1(4)M5,FALSE,FALSE,FALSE,FALSE,FALSE,FALSE,FALSE
BJ-R3,Cisco Router,Cisco,2811,15.1(4)M2,FALSE,TRUE,TRUE,FALSE,FALSE,FALSE,FALSE
BJ_Acc_SW6,Cisco IOS Switch,Cisco,WS-C2950-24,12.1(22)EA14,FALSE,FALSE,FALSE,FALSE,FALSE,FALSE,FALSE
BJ_Dis_SW1,Cisco IOS Switch,Cisco,WS-C2950-24,12.1(22)EA1,FALSE,FALSE,FALSE,FALSE,FALSE,FALSE,FALSE
BJ_L2_Core_3,Cisco IOS Switch,Cisco,WS-C3750-24TS,12.2(55)SE4,TRUE,FALSE,TRUE,FALSE,FALSE,FALSE,FALSE
"BST,POP1",Cisco Router,Cisco,2500,12.2(24b),FALSE,TRUE,TRUE,FALSE,FALSE,FALSE,TRUE
BUR-R206-Forti200F-1,Fortinet FortiGate Firewall,Fortinet,"FortiGate-200F","FortiGate-200F v7.2.5,build1517,230606 (GA.F)",FALSE,FALSE,FALSE,FALSE,FALSE,FALSE,FALSE
BUR-R206-Forti200F-1_(BJ-Internet),Fortinet FortiGate Firewall,Fortinet,200F,"FortiGate-200F v7.2.5,build1517,230606 (GA.F)",FALSE,FALSE,FALSE,FALSE,FALSE,FALSE,TRUE
BUR-R206-Forti200F-1_(Cloud_Lab),Fortinet FortiGate Firewall,Fortinet,200F,"FortiGate-200F v7.2.5,build1517,230606 (GA.F)",FALSE,FALSE,FALSE,TRUE,FALSE,FALSE,TRUE
BUR-R206-Forti200F-1_(Demo-Lab),Fortinet FortiGate Firewall,Fortinet,200F,"FortiGate-200F v7.2.5,build1517,230606 (GA.F)",FALSE,FALSE,FALSE,TRUE,FALSE,FALSE,TRUE
BUR-R206-Forti200F-1_(Prod-Backup),Fortinet FortiGate Firewall,Fortinet,200F,"FortiGate-200F v7.2.5,build1517,230606 (GA.F)",FALSE,FALSE,FALSE,FALSE,FALSE,FALSE,TRUE
BUR-R206-Forti200F-2_(BJ-Internet),Fortinet FortiGate Firewall,Fortinet,,"FortiGate-200F v7.2.5,build1517,230606 (GA.F)",FALSE,FALSE,FALSE,FALSE,FALSE,FALSE,TRUE
BUR-R206-Forti200F-2_(Demo-Lab),Fortinet FortiGate Firewall,Fortinet,,"FortiGate-200F v7.2.5,build1517,230606 (GA.F)",FALSE,FALSE,FALSE,TRUE,FALSE,FALSE,TRUE
BUR-R206-Forti200F-2_(Prod-Backup),Fortinet FortiGate Firewall,Fortinet,,"FortiGate-200F v7.2.5,build1517,230606 (GA.F)",FALSE,FALSE,FALSE,FALSE,FALSE,FALSE,TRUE
Baraccuda-FW,Barracuda Firewall,Barracuda,,Barracuda-FW,FALSE,FALSE,FALSE,FALSE,FALSE,FALSE,FALSE
Berlin-vEdge,Viptela vEdge,Cisco Viptela,vEdge-Cloud,20.9.3.1,FALSE,FALSE,TRUE,TRUE,FALSE,FALSE,FALSE
Bos-F5_LB-ASA-SW,Cisco IOS Switch,Cisco,WS-C2960-48TT-L,15.0(2)SE7,FALSE,FALSE,FALSE,FALSE,FALSE,FALSE,FALSE
Bos-askt01-2960-01,Cisco IOS Switch,Cisco,WS-C2960-48TT-L,12.2(25)SEE1,FALSE,FALSE,FALSE,FALSE,FALSE,FALSE,FALSE
Bur-isp-gw1,Cisco Router,Cisco,ASR 1002-X Router,15.4(3)S2,TRUE,FALSE,FALSE,TRUE,FALSE,FALSE,FALSE
CA-TOR-R2,Cisco Router,Cisco,CGS-MGS-AGS,15.7(3)M2,FALSE,FALSE,TRUE,TRUE,FALSE,FALSE,FALSE
CA-YVR-R2,Cisco Router,Cisco,CGS-MGS-AGS,15.4(2)T4,FALSE,FALSE,TRUE,TRUE,FALSE,FALSE,FALSE
CE1-MX,Juniper Router,Juniper,MX150,14.1R4.8,FALSE,FALSE,FALSE,FALSE,FALSE,FALSE,FALSE
CE4-MX:r1,Juniper Router,Juniper,MX150,14.1R4.8,FALSE,FALSE,TRUE,FALSE,FALSE,FALSE,FALSE
CE4-MX:r4,Juniper Router,Juniper,MX150,14.1R4.8,FALSE,FALSE,TRUE,FALSE,FALSE,FALSE,FALSE
CN-PEK-R1,Cisco Router,Cisco,CGS-MGS-AGS,15.4(2)T4,FALSE,FALSE,TRUE,TRUE,FALSE,FALSE,FALSE
CN-PEK-R2,Cisco Router,Cisco,CGS-MGS-AGS,15.4(2)T4,FALSE,FALSE,TRUE,TRUE,FALSE,FALSE,FALSE
CP-SW1,Cisco IOS Switch,Cisco,WS-C3750X-48,15.0(2)SE7,FALSE,FALSE,FALSE,FALSE,FALSE,FALSE,FALSE
CP-SW2,Cisco IOS Switch,Cisco,WS-C3750X-48,12.2(55)SE3,FALSE,FALSE,FALSE,FALSE,FALSE,FALSE,FALSE
CP-SW3,Cisco IOS Switch,Cisco,WS-C3750-24TS,12.2(55)SE7,FALSE,FALSE,TRUE,FALSE,FALSE,FALSE,FALSE
CP_GW1,Checkpoint Firewall R80,Checkpoint,Check Point 3200,Linux CP_GW1 2.6.18-92cpx86_64 #1 SMP Tue Jan 29 04:50:27 IST 2019 x86_64,FALSE,FALSE,FALSE,FALSE,FALSE,FALSE,FALSE
CP_GW2,Checkpoint Firewall R80,Checkpoint,Check Point 3200,Linux CP_GW2 2.6.18-92cpx86_64 #1 SMP Tue Jan 29 04:50:27 IST 2019 x86_64,FALSE,FALSE,FALSE,FALSE,FALSE,FALSE,FALSE
CP_HA2,Checkpoint Firewall R80,Checkpoint,Check Point 3200,Linux CP_HA2 2.6.18-92cpx86_64 #1 SMP Tue Jan 29 04:50:27 IST 2019 x86_64,FALSE,FALSE,FALSE,FALSE,FALSE,FALSE,FALSE
CUSTOMER-EXPER-LAB1,Cisco IOS Switch,Cisco,WS-C2960X-48TD-L,15.2(2)E7,FALSE,FALSE,FALSE,FALSE,FALSE,FALSE,FALSE
EIGRP-R13-C3725,Cisco Router,Cisco,3725,12.4(15)T12,TRUE,FALSE,FALSE,FALSE,FALSE,FALSE,FALSE
EIGRP-R3,Cisco Router,Cisco,CGS-MGS-AGS,15.4(2)T4,TRUE,FALSE,TRUE,FALSE,FALSE,FALSE,FALSE
EIGRP-R4,Cisco Router,Cisco,CGS-MGS-AGS,15.4(2)T4,TRUE,FALSE,TRUE,FALSE,FALSE,FALSE,FALSE
EIGRP-R6,Cisco Router,Cisco,CGS-MGS-AGS,15.4(2)T4,TRUE,FALSE,TRUE,FALSE,FALSE,FALSE,FALSE
EIGRP-R7,Cisco Router,Cisco,CGS-MGS-AGS,15.4(2)T4,TRUE,FALSE,FALSE,FALSE,FALSE,FALSE,FALSE
EIGRP-R8,Cisco Router,Cisco,CGS-MGS-AGS,15.4(2)T4,TRUE,FALSE,FALSE,FALSE,FALSE,FALSE,FALSE
EIGRP-R9,Cisco Router,Cisco,CGS-MGS-AGS,15.4(2)T4,TRUE,FALSE,TRUE,FALSE,FALSE,FALSE,FALSE
F5-MGMT,Cisco IOS Switch,Cisco,3560E,15.2(HI_20170202)FLO_DSGS7,FALSE,FALSE,TRUE,FALSE,FALSE,FALSE,FALSE
GLBP_R12,Cisco Router,Cisco,CGS-MGS-AGS,15.4(2)T4,FALSE,FALSE,FALSE,FALSE,FALSE,FALSE,FALSE
GLBP_R13,Cisco Router,Cisco,CGS-MGS-AGS,15.4(2)T4,FALSE,FALSE,FALSE,FALSE,FALSE,FALSE,FALSE
GW2Lab,Cisco Router,Cisco,CISCO3945-CHASSIS,15.2(4)M6a,FALSE,FALSE,TRUE,FALSE,FALSE,FALSE,FALSE
IPv6-Hub,Cisco Router,Cisco,CGS-MGS-AGS,15.4(2)T4,FALSE,FALSE,TRUE,FALSE,FALSE,FALSE,FALSE
IPv6-Spoke1,Cisco Router,Cisco,CGS-MGS-AGS,15.4(2)T4,FALSE,FALSE,TRUE,FALSE,FALSE,FALSE,FALSE
IPv6-Spoke2,Cisco Router,Cisco,CGS-MGS-AGS,15.4(2)T4,FALSE,FALSE,TRUE,FALSE,FALSE,FALSE,FALSE
IPv6Lab-7750SR13,Alcatel Lucent Service Router,Nokia,7750 SR12,B-13.0.R4,FALSE,FALSE,TRUE,TRUE,FALSE,FALSE,FALSE
IPv6Lab-R4,Cisco Router,Cisco,CGS-MGS-AGS,15.4(2)T4,FALSE,FALSE,TRUE,TRUE,FALSE,FALSE,FALSE
IPv6Lab-SW10,Cisco IOS Switch,Cisco,3560E,15.2(HI_20170202)FLO_DSGS7,FALSE,FALSE,FALSE,FALSE,FALSE,FALSE,FALSE
IPv6Lab-SW9,Cisco IOS Switch,Cisco,3560E,15.2(HI_20170202)FLO_DSGS7,FALSE,FALSE,TRUE,FALSE,FALSE,FALSE,FALSE
ISIS-R1,Cisco Router,Cisco,CGS-MGS-AGS,15.4(2)T4,FALSE,TRUE,FALSE,FALSE,FALSE,FALSE,FALSE
ISIS-R2,Cisco Router,Cisco,CGS-MGS-AGS,15.4(2)T4,FALSE,TRUE,FALSE,FALSE,FALSE,FALSE,FALSE
ISIS-R3,Cisco Router,Cisco,CGS-MGS-AGS,15.4(2)T4,FALSE,TRUE,FALSE,FALSE,FALSE,FALSE,FALSE
ISIS-R4,Cisco Router,Cisco,CGS-MGS-AGS,15.4(2)T4,FALSE,TRUE,FALSE,FALSE,FALSE,FALSE,FALSE
ISIS-R5,Cisco Router,Cisco,CGS-MGS-AGS,15.4(2)T4,FALSE,TRUE,FALSE,FALSE,FALSE,FALSE,FALSE
ISIS-R7,Cisco Router,Cisco,CGS-MGS-AGS,15.4(2)T4,FALSE,TRUE,FALSE,FALSE,FALSE,FALSE,FALSE
JMPLS-R1,Cisco Router,Cisco,CGS-MGS-AGS,15.2(CML_NIGHTLY_20150703)FLO_DSGS7,FALSE,FALSE,TRUE,FALSE,FALSE,FALSE,FALSE
"LA.DIS,1",Cisco Router,Cisco,2621,12.3(26),TRUE,FALSE,TRUE,FALSE,FALSE,FALSE,FALSE
LANline_TEST,Extreme Switch,Extreme,summitX440-8t,15.5.2.9,FALSE,FALSE,FALSE,FALSE,FALSE,FALSE,FALSE
LA_POP,Cisco Router,Cisco,2620,12.3(17b),FALSE,FALSE,TRUE,FALSE,FALSE,FALSE,TRUE
MVS-MGMT,Cisco Router,Cisco,CGS-MGS-AGS,15.2(CML_NIGHTLY_20150703)FLO_DSGS7,FALSE,FALSE,TRUE,FALSE,FALSE,FALSE,FALSE
MVS-Nexus-7K,Cisco Nexus Switch,Cisco,N7K-C7018,7.2(0)D1(1),FALSE,FALSE,FALSE,FALSE,FALSE,FALSE,FALSE
Multi_POD_3850,Cisco IOS Switch,Cisco,WS-C3850-48P,03.06.06E,FALSE,FALSE,FALSE,FALSE,FALSE,FALSE,FALSE
Multicast-R01,Cisco Router,Cisco,CGS-MGS-AGS,15.4(2)T4,FALSE,FALSE,TRUE,FALSE,FALSE,FALSE,FALSE
Multicast-R02,Cisco Router,Cisco,CGS-MGS-AGS,15.4(2)T4,FALSE,FALSE,TRUE,FALSE,FALSE,FALSE,FALSE
Multicast-R03,Cisco Router,Cisco,CGS-MGS-AGS,15.4(2)T4,FALSE,FALSE,TRUE,FALSE,FALSE,FALSE,FALSE
Multicast-R04,Cisco Router,Cisco,CGS-MGS-AGS,15.4(2)T4,FALSE,FALSE,TRUE,FALSE,FALSE,FALSE,FALSE
Multicast-R06,Cisco Router,Cisco,CGS-MGS-AGS,15.4(2)T4,FALSE,FALSE,TRUE,FALSE,FALSE,FALSE,FALSE
Multicast-R08,Cisco Router,Cisco,CGS-MGS-AGS,15.4(2)T4,FALSE,FALSE,TRUE,FALSE,FALSE,FALSE,FALSE
Multicast-R10,Cisco Router,Cisco,CGS-MGS-AGS,15.4(2)T4,FALSE,FALSE,TRUE,FALSE,FALSE,FALSE,FALSE
Multicast-R11,Cisco Router,Cisco,CGS-MGS-AGS,15.4(2)T4,FALSE,FALSE,TRUE,FALSE,FALSE,FALSE,FALSE
Multicast-R12,Cisco Router,Cisco,CGS-MGS-AGS,15.4(2)T4,FALSE,FALSE,TRUE,FALSE,FALSE,FALSE,FALSE
Multicast-R13,Cisco Router,Cisco,CGS-MGS-AGS,15.4(2)T4,FALSE,FALSE,TRUE,FALSE,FALSE,FALSE,FALSE
Multicast-R14,Cisco Router,Cisco,CGS-MGS-AGS,15.4(2)T4,FALSE,FALSE,TRUE,FALSE,FALSE,FALSE,FALSE
Multicast-Source1,Cisco Router,Cisco,CGS-MGS-AGS,15.4(2)T4,FALSE,FALSE,FALSE,FALSE,FALSE,FALSE,FALSE
NATT-MGMT,Cisco IOS Switch,Cisco,3560E,15.2(HI_20170202)FLO_DSGS7,FALSE,FALSE,FALSE,FALSE,FALSE,FALSE,FALSE
NATT-R2,Cisco Router,Cisco,CGS-MGS-AGS,15.4(2)T4,FALSE,FALSE,FALSE,FALSE,FALSE,FALSE,FALSE
NB-1502-09,LWAP,Cisco,AIR-CAP3702I-A-K9,15.3(3)JF10$,FALSE,FALSE,FALSE,FALSE,FALSE,FALSE,FALSE
NB-1502-15,LWAP,Cisco,AIR-CAP3702I-A-K9,15.3(3)JF10$,FALSE,FALSE,FALSE,FALSE,FALSE,FALSE,FALSE
NB-Cat-5000,Cisco IOS Switch,Cisco,RSP2,12.0(7)W5(16),FALSE,FALSE,FALSE,FALSE,FALSE,FALSE,FALSE
NB-IPN-01,Cisco Nexus Switch,Cisco,N9K-C9372PX-E,7.0(3)I4(1),FALSE,FALSE,TRUE,FALSE,FALSE,FALSE,FALSE
NB-LAB-WLC,Cisco WLC,Cisco,AIR-CT5508-K9,8.0.121.0,FALSE,FALSE,FALSE,FALSE,FALSE,FALSE,FALSE
NB-VxLAN-Leaf-1,Cisco Nexus Switch,Cisco,N9K-C9300v,9.3(11),FALSE,FALSE,TRUE,TRUE,FALSE,TRUE,FALSE
NB-VxLAN-SPINE-1,Cisco Nexus Switch,Cisco,N9K-C9300v,9.3(11),FALSE,FALSE,TRUE,TRUE,FALSE,TRUE,FALSE
NB-VxLAN-SPINE-2,Cisco Nexus Switch,Cisco,N9K-C9300v,9.3(11),FALSE,FALSE,TRUE,TRUE,FALSE,TRUE,FALSE
NBLAB-IOS-CE3,Cisco Router,Cisco,CGS-MGS-AGS,15.7(3)M2,FALSE,FALSE,FALSE,TRUE,FALSE,FALSE,FALSE
NBLAB-XR-P1,Cisco IOS XR,Cisco,IOSXRV,6.0.0[Default],FALSE,FALSE,TRUE,FALSE,FALSE,FALSE,FALSE
NBLAB-XR-P2,Cisco IOS XR,Cisco,IOSXRV,6.0.0[Default],FALSE,FALSE,TRUE,FALSE,FALSE,FALSE,FALSE
NBLAB-XR-PE1,Cisco IOS XR,Cisco,IOSXRV,6.0.0[Default],FALSE,FALSE,TRUE,TRUE,FALSE,FALSE,FALSE
NBLAB-XR-PE2,Cisco IOS XR,Cisco,IOSXRV,6.0.0[Default],FALSE,FALSE,TRUE,FALSE,FALSE,FALSE,FALSE
NHRP-Hub,Cisco Router,Cisco,CGS-MGS-AGS,15.4(2)T4,FALSE,FALSE,TRUE,FALSE,FALSE,FALSE,FALSE
NHRP-MGMT,Cisco IOS Switch,Cisco,3560E,15.2(HI_20170202)FLO_DSGS7,FALSE,FALSE,TRUE,FALSE,FALSE,FALSE,FALSE
NHRP-Spoke3,Cisco Router,Cisco,CGS-MGS-AGS,15.4(2)T4,FALSE,FALSE,TRUE,FALSE,FALSE,FALSE,FALSE
NIC-Lab-PE1,Cisco Router,Cisco,CGS-MGS-AGS,15.4(2)T4,FALSE,FALSE,TRUE,TRUE,FALSE,FALSE,FALSE
NIC-Lab-PE2,Cisco Router,Cisco,CGS-MGS-AGS,15.4(2)T4,FALSE,FALSE,TRUE,TRUE,FALSE,FALSE,FALSE
NIC-Lab-PE3,Cisco Router,Cisco,CGS-MGS-AGS,15.4(2)T4,FALSE,FALSE,TRUE,TRUE,FALSE,FALSE,FALSE
NIC-Lab-PE4,Cisco Router,Cisco,CGS-MGS-AGS,15.4(2)T4,FALSE,FALSE,TRUE,TRUE,FALSE,FALSE,FALSE
NIC-Lab-XR1,Cisco IOS XR,Cisco,IOSXRV,6.0.0[Default],FALSE,FALSE,TRUE,TRUE,FALSE,FALSE,FALSE
NYC-ACC-X440-8t-02,Extreme Switch,Extreme,summitX440-8t,15.5.2.9,FALSE,FALSE,FALSE,FALSE,FALSE,FALSE,FALSE
NYC-CORE-X440-24t,Extreme Switch,Extreme,summitX440-L2-48t,15.5.2.9,FALSE,FALSE,FALSE,FALSE,FALSE,FALSE,FALSE
NY_Core,Cisco Router,Cisco,2811,12.4(18),FALSE,FALSE,TRUE,FALSE,FALSE,FALSE,FALSE
NY_DIS_1,Cisco Router,Cisco,2611,12.3(17a),TRUE,FALSE,TRUE,TRUE,FALSE,FALSE,FALSE
New-Cisco-WLC,Cisco WLC,Cisco,Virtual Wireless LAN Controller,8.2.170.0,FALSE,FALSE,FALSE,FALSE,FALSE,FALSE,FALSE
Nyc-rtr-2811-01,Cisco Router,Cisco,2811,12.4(24)T1,FALSE,FALSE,FALSE,TRUE,FALSE,FALSE,FALSE
OSPFv3-R18,Cisco IOS Switch,Cisco,3560E,15.2(HI_20170202)FLO_DSGS7,FALSE,FALSE,FALSE,FALSE,FALSE,FALSE,FALSE
OSPFv3-R20,Cisco IOS Switch,Cisco,3560E,15.2(HI_20170202)FLO_DSGS7,FALSE,FALSE,FALSE,FALSE,FALSE,FALSE,FALSE
OSPFv3-R21,Cisco IOS Switch,Cisco,3560E,15.2(HI_20170202)FLO_DSGS7,FALSE,FALSE,FALSE,FALSE,FALSE,FALSE,FALSE
OSPFv3-R22,Cisco IOS Switch,Cisco,3560E,15.2(HI_20170202)FLO_DSGS7,FALSE,FALSE,FALSE,FALSE,FALSE,FALSE,FALSE
OSPFv3-R24,Cisco IOS Switch,Cisco,3560E,15.2(HI_20170202)FLO_DSGS7,FALSE,FALSE,FALSE,FALSE,FALSE,FALSE,FALSE
OSPFv3-R34,Cisco IOS Switch,Cisco,3560E,15.2(HI_20170202)FLO_DSGS7,FALSE,FALSE,FALSE,FALSE,FALSE,FALSE,FALSE
OSPFv3-R36,Cisco IOS Switch,Cisco,3560E,15.2(HI_20170202)FLO_DSGS7,FALSE,FALSE,FALSE,FALSE,FALSE,FALSE,FALSE
OSPFv3-R38,Cisco IOS Switch,Cisco,3560E,15.2(HI_20170202)FLO_DSGS7,FALSE,FALSE,FALSE,FALSE,FALSE,FALSE,FALSE
OSPFv3-R39,Cisco IOS Switch,Cisco,3560E,15.2(HI_20170202)FLO_DSGS7,FALSE,FALSE,FALSE,FALSE,FALSE,FALSE,FALSE
OSPFv3-R40,Cisco IOS Switch,Cisco,3560E,15.2(HI_20170202)FLO_DSGS7,FALSE,FALSE,FALSE,FALSE,FALSE,FALSE,FALSE
OSPFv3-R41,Cisco IOS Switch,Cisco,3560E,15.2(HI_20170202)FLO_DSGS7,FALSE,FALSE,FALSE,FALSE,FALSE,FALSE,FALSE
OSPFv3-SW1,Cisco Router,Cisco,CGS-MGS-AGS,15.2(CML_NIGHTLY_20150703)FLO_DSGS7,FALSE,FALSE,FALSE,FALSE,FALSE,FALSE,FALSE
OSPFv3-SW2,Cisco Router,Cisco,CGS-MGS-AGS,15.2(CML_NIGHTLY_20150703)FLO_DSGS7,FALSE,FALSE,FALSE,FALSE,FALSE,FALSE,FALSE
OTT-ACC-2960,Cisco IOS Switch,Cisco,WS-C2960-24TT-L,15.0(2)SE2,FALSE,FALSE,FALSE,FALSE,FALSE,FALSE,FALSE
Ott-rtr-2811-01,Cisco Router,Cisco,2811,15.1(3)T4,FALSE,FALSE,FALSE,TRUE,FALSE,FALSE,FALSE
P1-MX,Juniper Router,Juniper,MX150,14.1R4.8,FALSE,FALSE,TRUE,TRUE,FALSE,FALSE,FALSE
P2-MX,Juniper Router,Juniper,MX150,14.1R4.8,FALSE,FALSE,TRUE,TRUE,FALSE,FALSE,FALSE
P3-MX,Juniper Router,Juniper,MX150,14.1R4.8,FALSE,FALSE,TRUE,TRUE,FALSE,FALSE,FALSE
PE-3600X-01,Cisco Router,Cisco,ME-3600X-24TS-M,15.4(2)S,FALSE,TRUE,TRUE,TRUE,FALSE,FALSE,FALSE
PE-ASR1K-01,Cisco Router,Cisco,ASR1001-X,16.09.04,FALSE,TRUE,TRUE,TRUE,FALSE,FALSE,FALSE
PE-ASR1K-02,Cisco Router,Cisco,ASR1001-X,03.12.00a.S,FALSE,TRUE,TRUE,TRUE,FALSE,FALSE,FALSE
PE1-MX,Juniper Router,Juniper,MX150,14.1R4.8,FALSE,FALSE,TRUE,TRUE,FALSE,FALSE,FALSE
PE3-MX,Juniper Router,Juniper,MX150,14.1R4.8,FALSE,FALSE,TRUE,TRUE,FALSE,FALSE,FALSE
Paris-R1,Cisco Router,Cisco,CGS-MGS-AGS,15.4(2)T4,FALSE,FALSE,TRUE,FALSE,FALSE,FALSE,FALSE
QinQ-MGMT,Cisco Router,Cisco,CGS-MGS-AGS,15.2(CML_NIGHTLY_20150703)FLO_DSGS7,FALSE,FALSE,TRUE,FALSE,FALSE,FALSE,FALSE
R5,Cisco Router,Cisco,CGS-MGS-AGS,15.7(3)M2,FALSE,FALSE,TRUE,FALSE,FALSE,FALSE,FALSE
Rout,Cisco IOS Switch,Cisco,3560E,15.2(HI_20170202)FLO_DSGS7,FALSE,FALSE,FALSE,FALSE,FALSE,FALSE,FALSE
Router-HQ1,Cisco Router,Cisco,CGS-MGS-AGS,15.4(2)T4,FALSE,FALSE,TRUE,FALSE,FALSE,FALSE,FALSE
S4,Cisco Router,Cisco,CGS-MGS-AGS,15.4(1)T,FALSE,FALSE,FALSE,FALSE,FALSE,FALSE,FALSE
S5,Cisco Router,Cisco,CGS-MGS-AGS,15.4(1)T,FALSE,FALSE,FALSE,FALSE,FALSE,FALSE,FALSE
SNMPv3-LAB1-MGMT,Cisco IOS Switch,Cisco,3560E,15.2(HI_20170202)FLO_DSGS7,FALSE,FALSE,FALSE,FALSE,FALSE,FALSE,FALSE
SSHv2_7206VXR,Cisco Router,Cisco,7206VXR,15.2(4)S7,FALSE,FALSE,FALSE,FALSE,FALSE,FALSE,FALSE
SW1-ARS,Arista Switch,Arista,vEOS,4.17.2F,FALSE,FALSE,FALSE,FALSE,FALSE,FALSE,FALSE
SW2-ARS,Arista Switch,Arista,vEOS,4.17.2F,FALSE,FALSE,FALSE,FALSE,FALSE,FALSE,FALSE
SW_Hub16,Cisco IOS Switch,Cisco,3560E,15.2(HI_20170202)FLO_DSGS7,FALSE,FALSE,FALSE,FALSE,FALSE,FALSE,FALSE
SW_Hub18,Cisco IOS Switch,Cisco,3560E,15.2(HI_20170202)FLO_DSGS7,FALSE,FALSE,FALSE,FALSE,FALSE,FALSE,FALSE
SanJose_Core,Cisco Router,Cisco,2811,15.1(4)M2,TRUE,FALSE,TRUE,TRUE,FALSE,FALSE,FALSE
Scl-Acc-2960X-01,Cisco IOS Switch,Cisco,WS-C2960XR-48TS-I,15.0(2)EX5,FALSE,FALSE,FALSE,FALSE,FALSE,FALSE,FALSE
Scl-Dist-3750-02,Cisco IOS Switch,Cisco,WS-C3750-24P,12.2(53)SE2,FALSE,FALSE,FALSE,FALSE,FALSE,FALSE,FALSE
Sjc-Acc-2960-01,Cisco IOS Switch,Cisco,WS-C2960-48TT-L,12.2(50)SE5,FALSE,FALSE,FALSE,FALSE,FALSE,FALSE,FALSE
Sjc-Acc-2960-02,Cisco IOS Switch,Cisco,catalyst296048TT,12.2(44)SE1,FALSE,FALSE,FALSE,FALSE,FALSE,FALSE,FALSE
Sjc-Core-3560x-01,Cisco IOS Switch,Cisco,WS-C3560X-24,15.0(2)SE7,FALSE,FALSE,TRUE,TRUE,FALSE,FALSE,FALSE
Sjc-Dist-3750-01,Cisco IOS Switch,Cisco,WS-C3750-24P,12.2(55)SE6,FALSE,FALSE,TRUE,FALSE,FALSE,FALSE,FALSE
Sjc-Dist-3750-02,Cisco IOS Switch,Cisco,WS-C3750-24P,12.2(55)SE6,FALSE,FALSE,TRUE,FALSE,FALSE,FALSE,FALSE
Switch,Cisco IOS Switch,Cisco,3560E,15.2(HI_20170202)FLO_DSGS7,FALSE,FALSE,FALSE,FALSE,FALSE,FALSE,FALSE
US-BOS-R2,Cisco Router,Cisco,CGS-MGS-AGS,15.4(2)T4,FALSE,FALSE,TRUE,TRUE,FALSE,FALSE,FALSE
US-BOS-SW1,Cisco IOS Switch,Cisco,3560E,15.2(HI_20170202)FLO_DSGS7,FALSE,FALSE,TRUE,FALSE,FALSE,FALSE,FALSE
US-BOS-SW2,Cisco IOS Switch,Cisco,3560E,15.2(HI_20170202)FLO_DSGS7,FALSE,FALSE,TRUE,FALSE,FALSE,FALSE,FALSE
US-BOS-SW3,Cisco IOS Switch,Cisco,3560E,15.2(HI_20170202)FLO_DSGS7,FALSE,FALSE,TRUE,FALSE,FALSE,FALSE,FALSE
US-BOS-SW4,Cisco IOS Switch,Cisco,3560E,15.2(HI_20170202)FLO_DSGS7,FALSE,FALSE,TRUE,FALSE,FALSE,FALSE,FALSE
US-BOS-SW5,Cisco IOS Switch,Cisco,3560E,15.2(HI_20170202)FLO_DSGS7,FALSE,FALSE,FALSE,FALSE,FALSE,FALSE,FALSE
US-DFW-R2,Cisco Router,Cisco,CGS-MGS-AGS,15.4(2)T4,FALSE,FALSE,TRUE,TRUE,FALSE,FALSE,FALSE
US-LAX-R1,Cisco Router,Cisco,CGS-MGS-AGS,15.4(2)T4,FALSE,FALSE,TRUE,TRUE,FALSE,FALSE,FALSE
US-NYC-Paloalto-FW,Palo Alto Firewall,Palo Alto Networks,PA-VM,10.0.1,FALSE,FALSE,TRUE,FALSE,FALSE,FALSE,TRUE
US-NYC-SW1,Cisco IOS Switch,Cisco,3560E,15.2(CML_NIGHTLY_20180510)FLO_DSGS7,FALSE,FALSE,FALSE,FALSE,FALSE,FALSE,FALSE
US-Portland-R2,Cisco Router,Cisco,CGS-MGS-AGS,15.4(2)T4,FALSE,FALSE,TRUE,TRUE,FALSE,FALSE,FALSE
US-SAN-R2,Cisco Router,Cisco,CGS-MGS-AGS,15.4(2)T4,FALSE,FALSE,TRUE,TRUE,FALSE,FALSE,FALSE
US-SFO-R1,Cisco Router,Cisco,CGS-MGS-AGS,15.4(2)T4,FALSE,FALSE,TRUE,TRUE,FALSE,FALSE,FALSE
US-SMF-SW2,Arista Switch,Arista,vEOS,4.17.2F,FALSE,FALSE,TRUE,FALSE,FALSE,FALSE,FALSE
VEdge-1,Cisco Router,Cisco,ISR4321/K9,16.10.2,FALSE,FALSE,TRUE,FALSE,FALSE,FALSE,FALSE
VEdge-2-SW1,Cisco IOS Switch,Cisco,WS-C2960-24-S,15.0(2)SE8,FALSE,FALSE,FALSE,FALSE,FALSE,FALSE,FALSE
VEdge-3-SW,Cisco IOS Switch,Cisco,WS-C2960-24-S,15.0(2)SE8,FALSE,FALSE,FALSE,FALSE,FALSE,FALSE,FALSE
VPLS_P08,Cisco Router,Cisco,CGS-MGS-AGS,15.4(2)T4,FALSE,FALSE,TRUE,FALSE,FALSE,FALSE,FALSE
VRF-PE1,Cisco Router,Cisco,CGS-MGS-AGS,15.4(2)T4,FALSE,FALSE,TRUE,TRUE,FALSE,FALSE,FALSE
VRF-PE2,Cisco Router,Cisco,CGS-MGS-AGS,15.4(2)T4,FALSE,FALSE,TRUE,TRUE,FALSE,FALSE,FALSE
bjta002114-SW7,Cisco IOS Switch,Cisco,3560E,15.2(HI_20170202)FLO_DSGS7,FALSE,FALSE,TRUE,TRUE,FALSE,FALSE,FALSE
bjta002236-SW5,Cisco IOS Switch,Cisco,3560E,15.2(HI_20170202)FLO_DSGS7,FALSE,FALSE,TRUE,FALSE,FALSE,FALSE,FALSE
qapp-c3560-1,Cisco IOS Switch,Cisco,catalyst3560G24TS,12.2(53)SE2,FALSE,FALSE,FALSE,FALSE,FALSE,FALSE,FALSE
qapp-force10,Dell Force10 Switch,Dell,S50N,8.4.2.7,FALSE,FALSE,TRUE,FALSE,FALSE,FALSE,FALSE
sw-4500-15,Cisco IOS Switch,Cisco,WS-C4500X-32,03.03.02.SG,FALSE,FALSE,FALSE,FALSE,FALSE,FALSE,FALSE
sw2960-125,Cisco IOS Switch,Cisco,Catalyst 29xxStack,15.0(2)EX5,FALSE,FALSE,FALSE,FALSE,FALSE,FALSE,FALSE
7750SR12,Alcatel Lucent Service Router,Nokia,7750 SR12,B-12.0.R6,FALSE,FALSE,TRUE,TRUE,FALSE,FALSE,FALSE
ACI-L3OUT-246,Cisco IOS Switch,Cisco,WS-C3750X-48P,15.0(2)SE9,FALSE,FALSE,TRUE,FALSE,FALSE,FALSE,FALSE
ACI-L3OUT-50.23,Cisco Nexus Switch,Cisco,N9K-C9372TX-E,7.0(3)I4(7),FALSE,FALSE,TRUE,FALSE,FALSE,FALSE,FALSE
ACI-QA-SW1,Cisco IOS Switch,Cisco,WS-C3850-48P,03.06.06E,FALSE,FALSE,FALSE,FALSE,FALSE,FALSE,FALSE
ACI-SERVICEGRAPH-FW,Cisco ASA Firewall,Cisco,ASA5515,9.8(3)26,FALSE,FALSE,FALSE,FALSE,FALSE,FALSE,FALSE
AP-3.2-FENWAY,LWAP,Cisco,AIR-CAP3702I-A-K9,15.3(3)JF10$,FALSE,FALSE,FALSE,FALSE,FALSE,FALSE,FALSE
APd46d.5091.e1dc,LWAP,Cisco,AIR-CAP3702I-A-K9,15.3(3)JF10$,FALSE,FALSE,FALSE,FALSE,FALSE,FALSE,FALSE
ASA,Cisco IOS Switch,Cisco,3560E,15.2(HI_20170202)FLO_DSGS7,FALSE,FALSE,FALSE,FALSE,FALSE,FALSE,FALSE
"ASA,Router",Cisco IOS Switch,Cisco,3560E,15.2(HI_20170202)FLO_DSGS7,FALSE,FALSE,FALSE,FALSE,FALSE,FALSE,FALSE
ASA-AA/act,Cisco ASA Firewall,,ASA5510,,FALSE,FALSE,FALSE,FALSE,FALSE,FALSE,FALSE
ASA-AA/context1/act,Cisco ASA Firewall,,ASA5510,,FALSE,FALSE,TRUE,FALSE,FALSE,FALSE,FALSE
BJ*POP,Cisco Router,Cisco,2811,12.3(11)T3,FALSE,FALSE,TRUE,FALSE,FALSE,FALSE,FALSE
BJ-3750-2,Cisco IOS Switch,Cisco,WS-C3750G-48TS,12.2(55)SE4,FALSE,FALSE,FALSE,FALSE,FALSE,FALSE,FALSE
BJ-Arista-1,Arista Switch,Arista,DCS-7010T-48,4.14.7M,FALSE,FALSE,FALSE,FALSE,FALSE,FALSE,FALSE
BJ-Arista-2,Arista Switch,Arista,DCS-7050Q-16,4.12.7.1,FALSE,FALSE,FALSE,FALSE,FALSE,FALSE,FALSE
BJ-Avaya-2,Avaya Switch,Avaya,ERS 5520,Ethernet Routing Switch 3550T         HW:01       FW:5.3.0.6   SW:v5.3.0.004 BN:04 (c) Avaya Networks,FALSE,FALSE,FALSE,FALSE,FALSE,FALSE,FALSE
BJ-Cat-5000,Cisco Catalyst Switch,Cisco,Catalyst wsc5000,Cisco Systems WS-C5000,FALSE,FALSE,FALSE,FALSE,FALSE,FALSE,FALSE
BJ-R2,Cisco Router,Cisco,2811,12.4(15)T4,FALSE,TRUE,FALSE,FALSE,FALSE,FALSE,FALSE
BJ_Acc_SW1,Cisco IOS Switch,Cisco,catalyst295024,12.1(9)EA1,FALSE,FALSE,FALSE,FALSE,FALSE,FALSE,FALSE
BJ_Dis_SW2,Cisco IOS Switch,Cisco,WS-C2950-24,12.1(22)EA1,FALSE,FALSE,FALSE,FALSE,FALSE,FALSE,FALSE
BJ_L2_Core_4,Cisco IOS Switch,Cisco,WS-C3750-24TS,12.2(55)SE4,FALSE,FALSE,TRUE,FALSE,FALSE,FALSE,FALSE
BJ_L2_Core_5,Cisco IOS Switch,Cisco,catalyst356048TS,12.2(50)SE1,FALSE,FALSE,TRUE,FALSE,FALSE,FALSE,FALSE
BJ_L2_Core_6,Cisco IOS Switch,Cisco,WS-C3560-48TS,12.2(50)SE1,FALSE,FALSE,TRUE,FALSE,FALSE,FALSE,FALSE
BJ_core_3550,Cisco IOS Switch,Cisco,WS-C3550-24,12.1(22)EA2,FALSE,FALSE,TRUE,FALSE,FALSE,FALSE,FALSE
BOS-N9K-L3OUT,Cisco Nexus Switch,Cisco,N9K-C9372TX-E,9.2(4),FALSE,FALSE,TRUE,TRUE,FALSE,FALSE,FALSE
BST,Cisco Router,Cisco,2503,12.0(20011017:155337),FALSE,FALSE,FALSE,FALSE,FALSE,FALSE,FALSE
BSTX,Cisco Router,Cisco,2811,12.4(15)T4,FALSE,FALSE,FALSE,FALSE,FALSE,FALSE,FALSE
BST_POP2,Cisco Router,Cisco,2621,12.4(3),TRUE,FALSE,TRUE,FALSE,FALSE,FALSE,FALSE
BUR-R206-Forti200F-2,Fortinet FortiGate Firewall,Fortinet,"FortiGate-200F","FortiGate-200F v7.2.5,build1517,230606 (GA.F)",FALSE,FALSE,FALSE,FALSE,FALSE,FALSE,FALSE
BUR-R206-Forti200F-2_(Cloud_Lab),Fortinet FortiGate Firewall,Fortinet,,"FortiGate-200F v7.2.5,build1517,230606 (GA.F)",FALSE,FALSE,FALSE,TRUE,FALSE,FALSE,TRUE
BUR12-LAB-SW1,Cisco IOS Switch,Cisco,Catalyst 29xxStack,15.0(2)EX5,FALSE,FALSE,FALSE,FALSE,FALSE,FALSE,FALSE
BUR12-POCMGMT-SW1,Cisco IOS Switch,Cisco,WS-C3850-24T,03.06.06E,FALSE,FALSE,FALSE,FALSE,FALSE,FALSE,FALSE
Berlin-R1,Cisco Router,Cisco,CGS-MGS-AGS,15.4(2)T4,FALSE,FALSE,TRUE,FALSE,FALSE,FALSE,FALSE
Bos-Core-6500,Cisco IOS Switch,Cisco,WS-C3750-24P,12.2(46)SE,FALSE,FALSE,FALSE,TRUE,FALSE,FALSE,FALSE
Bos-Dist-Nex5k-02,Cisco Nexus Switch,Cisco,N5K-C5548UP,7.0(5)N1(1),FALSE,FALSE,FALSE,FALSE,TRUE,FALSE,FALSE
CA-TOR-R1,Cisco Router,Cisco,CGS-MGS-AGS,15.4(2)T4,FALSE,FALSE,TRUE,TRUE,FALSE,FALSE,FALSE
CA-TOR-SW1,Cisco IOS Switch,Cisco,3560E,15.2(HI_20170202)FLO_DSGS7,FALSE,FALSE,TRUE,FALSE,FALSE,FALSE,FALSE
CA-TOR-SW2,Cisco IOS Switch,Cisco,3560E,15.2(HI_20170202)FLO_DSGS7,FALSE,FALSE,TRUE,FALSE,FALSE,FALSE,FALSE
CP-Mgmt,Checkpoint Firewall R80,Checkpoint,"ST-105-00",R80.10 - Build 170,FALSE,FALSE,FALSE,FALSE,FALSE,FALSE,FALSE
CP_HA1,Checkpoint Firewall R80,Checkpoint,"PB-10-00",R80.10 - Build 170,FALSE,FALSE,FALSE,FALSE,FALSE,FALSE,FALSE
Cisco-N9k,Cisco Nexus Switch,Cisco,N9K-9000v,7.0(3)I7(4),FALSE,FALSE,TRUE,FALSE,FALSE,FALSE,FALSE
EXT-VPN-FW,Cisco ASA Firewall,,ASA5525,,FALSE,FALSE,FALSE,TRUE,FALSE,FALSE,FALSE
F5-SW1,Cisco IOS Switch,Cisco,3560E,15.2(HI_20170202)FLO_DSGS7,FALSE,FALSE,FALSE,FALSE,FALSE,FALSE,FALSE
F5-SW2,Cisco IOS Switch,Cisco,3560E,15.2(HI_20170202)FLO_DSGS7,FALSE,FALSE,FALSE,FALSE,FALSE,FALSE,FALSE
F5_Lab_SW1,Cisco IOS Switch,Cisco,3560E,15.2(HI_20170202)FLO_DSGS7,FALSE,FALSE,FALSE,FALSE,FALSE,FALSE,FALSE
GLBP_R11,Cisco Router,Cisco,CGS-MGS-AGS,15.4(2)T4,FALSE,FALSE,FALSE,FALSE,FALSE,FALSE,FALSE
IPSEC-MGMT,Cisco Router,Cisco,CGS-MGS-AGS,15.2(CML_NIGHTLY_20150703)FLO_DSGS7,FALSE,FALSE,TRUE,FALSE,FALSE,FALSE,FALSE
IPv6Lab-MPLS,Cisco Router,Cisco,CGS-MGS-AGS,15.4(2)T4,FALSE,FALSE,TRUE,TRUE,FALSE,FALSE,FALSE
IPv6Lab-R7,Cisco Router,Cisco,CGS-MGS-AGS,15.4(2)T4,FALSE,FALSE,TRUE,TRUE,FALSE,FALSE,FALSE
IPv6Lab-R_IPv4,Cisco Router,Cisco,CGS-MGS-AGS,15.4(2)T4,FALSE,FALSE,TRUE,TRUE,FALSE,FALSE,FALSE
IPv6Lab-SW11,Cisco IOS Switch,Cisco,3560E,15.2(HI_20170202)FLO_DSGS7,FALSE,FALSE,TRUE,FALSE,FALSE,FALSE,FALSE
IPv6Lab-SW8,Cisco IOS Switch,Cisco,3560E,15.2(HI_20170202)FLO_DSGS7,FALSE,FALSE,TRUE,FALSE,FALSE,FALSE,FALSE
ISN-Multisite-B,Cisco Nexus Switch,Cisco,N9K-C9372PX-E,7.0(3)I4(1),FALSE,FALSE,TRUE,FALSE,FALSE,FALSE,FALSE
ITE_EXTEND,Cisco IOS Switch,Cisco,WS-C3560X-48P,15.2(4)E7,FALSE,FALSE,FALSE,FALSE,FALSE,FALSE,FALSE
ITE_SW1,Cisco IOS Switch,Cisco,WS-C3850-24T,03.06.06E,FALSE,FALSE,FALSE,FALSE,FALSE,FALSE,FALSE
Internet_R2,Cisco Router,Cisco,2811,12.4(24)T1,FALSE,FALSE,TRUE,FALSE,FALSE,FALSE,FALSE
JMPLS-MGMT,Cisco Router,Cisco,CGS-MGS-AGS,15.2(CML_NIGHTLY_20150703)FLO_DSGS7,FALSE,FALSE,TRUE,FALSE,FALSE,FALSE,FALSE
JMPLS-R2,Cisco Router,Cisco,CGS-MGS-AGS,15.2(CML_NIGHTLY_20150703)FLO_DSGS7,FALSE,FALSE,TRUE,FALSE,FALSE,FALSE,FALSE
L3out5011,Cisco IOS Switch,Cisco,WS-C3560X-48P,15.2(4)E7,FALSE,FALSE,TRUE,FALSE,FALSE,FALSE,FALSE
LWAPP_PROJECT,Cisco IOS Switch,Cisco,WS-C3750-24P,12.2(46)SE,FALSE,FALSE,FALSE,FALSE,FALSE,FALSE,FALSE
MGMT-SW,Cisco IOS Switch,Cisco,3560E,15.2(HI_20170202)FLO_DSGS7,FALSE,FALSE,TRUE,FALSE,FALSE,FALSE,FALSE
MPLS-CLOUD-R40,Cisco Router,Cisco,CGS-MGS-AGS,15.4(2)T4,FALSE,FALSE,FALSE,TRUE,FALSE,FALSE,FALSE
MPLS-P-ASR9001-01,Cisco IOS XR,Cisco,ASR-9001,5.2.2[Default],FALSE,FALSE,FALSE,FALSE,FALSE,FALSE,FALSE
Multicast-MGMT,Cisco IOS Switch,Cisco,3560E,15.2(HI_20170202)FLO_DSGS7,FALSE,FALSE,FALSE,FALSE,FALSE,FALSE,FALSE
Multicast-Receive2,Cisco Router,Cisco,CGS-MGS-AGS,15.4(2)T4,FALSE,FALSE,FALSE,FALSE,FALSE,FALSE,FALSE
Multicast-Source2,Cisco Router,Cisco,CGS-MGS-AGS,15.4(2)T4,FALSE,FALSE,FALSE,FALSE,FALSE,FALSE,FALSE
Multicast-Source3,Cisco Router,Cisco,CGS-MGS-AGS,15.4(2)T4,FALSE,FALSE,FALSE,FALSE,FALSE,FALSE,FALSE
N9K-VPLS-1,Cisco Nexus Switch,Cisco,N9K-C9372TX-E,9.2(4),FALSE,FALSE,TRUE,FALSE,FALSE,FALSE,FALSE
NATT-ISP,Cisco Router,Cisco,CGS-MGS-AGS,15.4(2)T4,FALSE,FALSE,FALSE,FALSE,FALSE,FALSE,FALSE
NATT-NATT,Cisco Router,Cisco,CGS-MGS-AGS,15.4(2)T4,FALSE,FALSE,FALSE,FALSE,FALSE,FALSE,FALSE
NATT-R1,Cisco Router,Cisco,CGS-MGS-AGS,15.4(2)T4,FALSE,FALSE,FALSE,FALSE,FALSE,FALSE,FALSE
NB-1502-02,LWAP,Cisco,AIR-CAP3702I-A-K9,15.3(3)JF10$,FALSE,FALSE,FALSE,FALSE,FALSE,FALSE,FALSE
NB-1502-03,LWAP,Cisco,AIR-CAP3702I-A-K9,15.3(3)JF10$,FALSE,FALSE,FALSE,FALSE,FALSE,FALSE,FALSE
NB-1502-04,LWAP,Cisco,AIR-CAP3702I-A-K9,15.3(3)JF10$,FALSE,FALSE,FALSE,FALSE,FALSE,FALSE,FALSE
NB-1502-05,LWAP,Cisco,AIR-CAP3702I-A-K9,15.3(3)JF10$,FALSE,FALSE,FALSE,FALSE,FALSE,FALSE,FALSE
NB-1502-07,LWAP,Cisco,AIR-CAP3702I-A-K9,15.3(3)JF10$,FALSE,FALSE,FALSE,FALSE,FALSE,FALSE,FALSE
NB-1502-08,LWAP,Cisco,AIR-CAP3702I-A-K9,15.3(3)JF10$,FALSE,FALSE,FALSE,FALSE,FALSE,FALSE,FALSE
NB-1502-10,LWAP,Cisco,AIR-CAP3702I-A-K9,15.3(3)JF10$,FALSE,FALSE,FALSE,FALSE,FALSE,FALSE,FALSE
NB-1502-11,LWAP,Cisco,AIR-CAP3702I-A-K9,15.3(3)JF10$,FALSE,FALSE,FALSE,FALSE,FALSE,FALSE,FALSE
NB-1502-12,LWAP,Cisco,AIR-CAP3702I-A-K9,15.3(3)JF10$,FALSE,FALSE,FALSE,FALSE,FALSE,FALSE,FALSE
NB-1502-13,LWAP,Cisco,AIR-CAP3702I-A-K9,15.3(3)JF10$,FALSE,FALSE,FALSE,FALSE,FALSE,FALSE,FALSE
NB-1502-17,LWAP,Cisco,AIR-CAP3702I-A-K9,15.3(3)JF10$,FALSE,FALSE,FALSE,FALSE,FALSE,FALSE,FALSE
NB-1502-18,LWAP,Cisco,AIR-CAP3702I-A-K9,15.3(3)JF10$,FALSE,FALSE,FALSE,FALSE,FALSE,FALSE,FALSE
NB-1502-19,LWAP,Cisco,AIR-CAP3702I-A-K9,15.3(3)JF10$,FALSE,FALSE,FALSE,FALSE,FALSE,FALSE,FALSE
NB-VxLAN-Leaf-2,Cisco Nexus Switch,Cisco,N9K-C9300v,9.3(11),FALSE,FALSE,TRUE,TRUE,FALSE,TRUE,FALSE
NHRP-R1,Cisco Router,Cisco,CGS-MGS-AGS,15.4(2)T4,FALSE,FALSE,FALSE,FALSE,FALSE,FALSE,FALSE
NHRP-Spoke1,Cisco Router,Cisco,CGS-MGS-AGS,15.4(2)T4,FALSE,FALSE,TRUE,FALSE,FALSE,FALSE,FALSE
NHRP-Spoke2,Cisco Router,Cisco,CGS-MGS-AGS,15.4(2)T4,FALSE,FALSE,TRUE,FALSE,FALSE,FALSE,FALSE
NIC-Lab-XR4,Cisco IOS XR,Cisco,IOSXRV,6.0.0[Default],FALSE,FALSE,TRUE,FALSE,FALSE,FALSE,FALSE
NIC-Lab-XR5,Cisco IOS XR,Cisco,IOSXRV,6.0.0[Default],FALSE,FALSE,TRUE,FALSE,FALSE,FALSE,FALSE
NXB\Router/3,Cisco Router,Cisco,2500,12.2(29),TRUE,FALSE,TRUE,FALSE,FALSE,FALSE,FALSE
NY-core-bak,Cisco Router,Cisco,2811,15.1(4)M2,FALSE,FALSE,TRUE,FALSE,FALSE,FALSE,FALSE
NY_POPP,Cisco Router,Cisco,2611,12.0(8),FALSE,FALSE,TRUE,FALSE,FALSE,FALSE,FALSE
NY_Router,Cisco Router,Cisco,2811,12.4(15)T4,FALSE,FALSE,TRUE,FALSE,FALSE,FALSE,FALSE
OSPFv3-MGMT,Cisco Router,Cisco,CGS-MGS-AGS,15.2(CML_NIGHTLY_20150703)FLO_DSGS7,FALSE,FALSE,TRUE,FALSE,FALSE,FALSE,FALSE
OSPFv3-R10,Cisco IOS Switch,Cisco,3560E,15.2(HI_20170202)FLO_DSGS7,FALSE,FALSE,FALSE,FALSE,FALSE,FALSE,FALSE
OSPFv3-R12,Cisco IOS Switch,Cisco,3560E,15.2(HI_20170202)FLO_DSGS7,FALSE,FALSE,FALSE,FALSE,FALSE,FALSE,FALSE
OSPFv3-R16,Cisco IOS Switch,Cisco,3560E,15.2(HI_20170202)FLO_DSGS7,FALSE,FALSE,FALSE,FALSE,FALSE,FALSE,FALSE
OSPFv3-R17,Cisco IOS Switch,Cisco,3560E,15.2(HI_20170202)FLO_DSGS7,FALSE,FALSE,FALSE,FALSE,FALSE,FALSE,FALSE
OSPFv3-R25,Cisco IOS Switch,Cisco,3560E,15.2(HI_20170202)FLO_DSGS7,FALSE,FALSE,FALSE,FALSE,FALSE,FALSE,FALSE
OSPFv3-R26,Cisco IOS Switch,Cisco,3560E,15.2(HI_20170202)FLO_DSGS7,FALSE,FALSE,FALSE,FALSE,FALSE,FALSE,FALSE
OSPFv3-R28,Cisco IOS Switch,Cisco,3560E,15.2(HI_20170202)FLO_DSGS7,FALSE,FALSE,FALSE,FALSE,FALSE,FALSE,FALSE
OSPFv3-R29,Cisco IOS Switch,Cisco,3560E,15.2(HI_20170202)FLO_DSGS7,FALSE,FALSE,FALSE,FALSE,FALSE,FALSE,FALSE
OSPFv3-R32,Cisco IOS Switch,Cisco,3560E,15.2(HI_20170202)FLO_DSGS7,FALSE,FALSE,FALSE,FALSE,FALSE,FALSE,FALSE
OSPFv3-R33,Cisco IOS Switch,Cisco,3560E,15.2(HI_20170202)FLO_DSGS7,FALSE,FALSE,FALSE,FALSE,FALSE,FALSE,FALSE
OSPFv3-R35,Cisco IOS Switch,Cisco,3560E,15.2(HI_20170202)FLO_DSGS7,FALSE,FALSE,FALSE,FALSE,FALSE,FALSE,FALSE
OSPFv3-R42,Cisco IOS Switch,Cisco,3560E,15.2(HI_20170202)FLO_DSGS7,FALSE,FALSE,FALSE,FALSE,FALSE,FALSE,FALSE
PE-3600X-02,Cisco Router,Cisco,ME-3600X-24TS-M,15.4(2)S,TRUE,TRUE,TRUE,TRUE,FALSE,FALSE,FALSE
PE1,Cisco Router,Cisco,CGS-MGS-AGS,15.4(2)T4,FALSE,FALSE,FALSE,FALSE,FALSE,FALSE,FALSE
PE4-QFX,Opengear Infrastructure Manager,Opengear,,"Juniper Networks, Inc. vqfx-10000 Ethernet Switch, kernel JUNOS 17.4R1.16, Build date: 2017-12-19 22:53:10 UTC Copyright (c) 1996-2017 Juniper Networks, Inc.",FALSE,FALSE,FALSE,FALSE,FALSE,FALSE,FALSE
Paris-vEdge,Viptela vEdge,Cisco Viptela,vEdge-Cloud,20.9.3.1,FALSE,FALSE,TRUE,TRUE,FALSE,FALSE,FALSE
R1,Cisco Router,Cisco,3725,12.4(15)T14,FALSE,FALSE,TRUE,TRUE,FALSE,FALSE,FALSE
R2,Cisco Router,Cisco,3725,12.4(15)T14,FALSE,FALSE,FALSE,FALSE,FALSE,FALSE,FALSE
R80.40-Cluster-FW1-34.56,Checkpoint Firewall R80,Checkpoint,"VMware Virtual Platform",R80.40,FALSE,FALSE,FALSE,FALSE,FALSE,FALSE,FALSE
Router3,Cisco Router,Cisco,3725,12.4(15)T14,FALSE,FALSE,FALSE,FALSE,FALSE,FALSE,FALSE
S6,Cisco Router,Cisco,CGS-MGS-AGS,15.4(1)T,FALSE,FALSE,FALSE,FALSE,FALSE,FALSE,FALSE
SW1-Force10,Dell Force10 Switch,Dell,S4810,9.11(2.8),FALSE,FALSE,FALSE,FALSE,TRUE,FALSE,FALSE
SW2-Force10,Dell Force10 Switch,Dell,S4810,9.11(2.8),FALSE,FALSE,FALSE,FALSE,TRUE,FALSE,FALSE
SW3-NAD,3Com Switch,3Com,,"PowerConnect 7048P, 5.1.10.1, VxWorks 6.6",FALSE,FALSE,FALSE,FALSE,FALSE,FALSE,FALSE
Scl-Core-3560x-01,Cisco IOS Switch,Cisco,WS-C3560X-24,12.2(55)SE3,FALSE,FALSE,TRUE,FALSE,FALSE,FALSE,FALSE
Scl-Core-3560x-02,Cisco IOS Switch,Cisco,WS-C3560X-24,12.2(55)SE3,FALSE,FALSE,TRUE,FALSE,FALSE,FALSE,FALSE
Scl-Dist-3750-01,Cisco IOS Switch,Cisco,WS-C3750-24P,12.2(55)SE6,FALSE,FALSE,FALSE,FALSE,FALSE,FALSE,FALSE
Sjc-Core-3560x-02,Cisco IOS Switch,Cisco,WS-C3560X-24,12.2(55)SE3,FALSE,FALSE,TRUE,FALSE,FALSE,FALSE,FALSE
Tokyo-R1,Cisco Router,Cisco,CGS-MGS-AGS,15.4(2)T4,FALSE,FALSE,TRUE,FALSE,FALSE,FALSE,FALSE
Tokyo-vEdge,Cisco IOS Switch,Cisco,Catalyst 4500 Virtual Switching System,20.9.3.1,FALSE,FALSE,TRUE,TRUE,FALSE,FALSE,FALSE
US-BOS-FW/act,Cisco ASA Firewall,Cisco,ASAv,9.5(2)204,FALSE,FALSE,TRUE,FALSE,FALSE,FALSE,FALSE
US-BOS-FW/stby,Cisco ASA Firewall,Cisco,ASAv,9.5(2)204,FALSE,FALSE,TRUE,FALSE,FALSE,FALSE,FALSE
US-BOS-R1,Cisco Router,Cisco,CGS-MGS-AGS,15.4(2)T4,FALSE,FALSE,TRUE,TRUE,FALSE,FALSE,TRUE
US-LAX-BIGIP,F5 Load Balancer,F5,"BIG-IP Virtual Edition",13.0.0 0.0.1645 Final,FALSE,FALSE,FALSE,FALSE,FALSE,FALSE,TRUE
US-LAX-SW2,Cisco IOS Switch,Cisco,3560E,15.2(CML_NIGHTLY_20180510)FLO_DSGS7,FALSE,FALSE,FALSE,FALSE,FALSE,FALSE,FALSE
US-NYC-PaloAlto,Palo Alto Firewall,Palo Alto Networks,PA-VM,7.0.1,FALSE,FALSE,TRUE,FALSE,FALSE,FALSE,TRUE
US-NYC-R1,Cisco Router,Cisco,CGS-MGS-AGS,15.7(3)M2,FALSE,FALSE,TRUE,TRUE,FALSE,FALSE,FALSE
US-SFO-SW2,Arista Switch,Arista,vEOS,4.17.2F,FALSE,FALSE,TRUE,FALSE,FALSE,FALSE,FALSE
US-SMF-R2,Cisco Router,Cisco,CGS-MGS-AGS,15.4(2)T4,FALSE,FALSE,TRUE,TRUE,FALSE,FALSE,FALSE
US-SMF-Receiver1,Cisco Router,Cisco,CGS-MGS-AGS,15.7(3)M2,FALSE,FALSE,FALSE,FALSE,FALSE,FALSE,FALSE
US-SMF-Receiver2,Cisco Router,Cisco,CGS-MGS-AGS,15.7(3)M2,FALSE,FALSE,FALSE,FALSE,FALSE,FALSE,FALSE
VEdge-3,Cisco Router,Cisco,ISR4221/K9,16.10.2,FALSE,FALSE,TRUE,FALSE,FALSE,FALSE,FALSE
VEdge-4,Cisco Router,Cisco,ISR4321/K9,16.10.2,FALSE,FALSE,FALSE,FALSE,FALSE,FALSE,FALSE
VPLS_CE12,Cisco Router,Cisco,CGS-MGS-AGS,15.4(2)T4,TRUE,FALSE,FALSE,FALSE,FALSE,FALSE,FALSE
VPLS_CE13,Cisco Router,Cisco,CGS-MGS-AGS,15.4(2)T4,TRUE,FALSE,FALSE,FALSE,FALSE,FALSE,FALSE
VPLS_SW11,Cisco IOS Switch,Cisco,3560E,15.2(HI_20170202)FLO_DSGS7,FALSE,FALSE,FALSE,FALSE,FALSE,FALSE,FALSE
VPlS_PE1,Cisco Router,Cisco,CSR1000V,03.17.00.S,FALSE,FALSE,TRUE,TRUE,FALSE,FALSE,FALSE
VRF-CE1,Cisco Router,Cisco,CGS-MGS-AGS,15.4(2)T4,FALSE,FALSE,TRUE,FALSE,FALSE,FALSE,FALSE
VRF-CE4,Cisco Router,Cisco,CGS-MGS-AGS,15.4(2)T4,FALSE,FALSE,TRUE,FALSE,FALSE,FALSE,FALSE
VRF-MCE1,Cisco Router,Cisco,CGS-MGS-AGS,15.4(2)T4,FALSE,FALSE,TRUE,TRUE,FALSE,FALSE,FALSE
VRF-MCE2,Cisco Router,Cisco,CGS-MGS-AGS,15.4(2)T4,FALSE,FALSE,TRUE,TRUE,FALSE,FALSE,FALSE
VRF-MGMT,Cisco IOS Switch,Cisco,3560E,15.2(HI_20170202)FLO_DSGS7,FALSE,FALSE,FALSE,FALSE,FALSE,FALSE,FALSE
VRF-P,Cisco Router,Cisco,CGS-MGS-AGS,15.4(2)T4,FALSE,FALSE,TRUE,FALSE,FALSE,FALSE,FALSE
VXLAN-MGMT,Cisco IOS Switch,Cisco,3560E,15.2(HI_20170202)FLO_DSGS7,FALSE,FALSE,TRUE,FALSE,FALSE,FALSE,FALSE
Wireless_DHCP_Switch,Cisco IOS Switch,Cisco,3560E,15.2(HI_20170202)FLO_DSGS7,FALSE,FALSE,TRUE,FALSE,FALSE,FALSE,FALSE
XE-MGMT,Cisco IOS Switch,Cisco,3560E,15.2(HI_20170202)FLO_DSGS7,FALSE,FALSE,TRUE,FALSE,FALSE,FALSE,FALSE
bjta002115-SW6,Cisco IOS Switch,Cisco,3560E,15.2(HI_20170202)FLO_DSGS7,FALSE,FALSE,TRUE,TRUE,FALSE,FALSE,FALSE
bjta002137-CE1,Cisco IOS Switch,Cisco,3560E,15.2(HI_20170202)FLO_DSGS7,FALSE,FALSE,FALSE,FALSE,FALSE,FALSE,FALSE
bjta002235-SW4,Cisco IOS Switch,Cisco,3560E,15.2(HI_20170202)FLO_DSGS7,FALSE,FALSE,TRUE,FALSE,FALSE,FALSE,FALSE
bjta002237-SW2,Cisco IOS Switch,Cisco,3560E,15.2(HI_20170202)FLO_DSGS7,FALSE,FALSE,TRUE,FALSE,FALSE,FALSE,FALSE
bjta002238-SW3,Cisco IOS Switch,Cisco,3560E,15.2(HI_20170202)FLO_DSGS7,FALSE,FALSE,TRUE,FALSE,FALSE,FALSE,FALSE
bjta002302-SW8,Cisco IOS Switch,Cisco,3560E,15.2(HI_20170202)FLO_DSGS7,FALSE,FALSE,TRUE,TRUE,FALSE,FALSE,FALSE
bjta002303-SW9,Cisco IOS Switch,Cisco,3560E,15.2(HI_20170202)FLO_DSGS7,FALSE,FALSE,TRUE,TRUE,FALSE,FALSE,FALSE
bjta002439-SW10,Cisco Router,Cisco,CGS-MGS-AGS,15.4(2)T4,FALSE,FALSE,TRUE,TRUE,FALSE,FALSE,FALSE
bjta002440-SW11,Cisco IOS Switch,Cisco,3560E,15.2(HI_20170202)FLO_DSGS7,FALSE,FALSE,TRUE,TRUE,FALSE,FALSE,FALSE
bjta002443-SW12,Cisco Router,Cisco,CGS-MGS-AGS,15.4(2)T4,FALSE,FALSE,FALSE,FALSE,FALSE,FALSE,FALSE
bjta002444-SW13,Cisco Router,Cisco,CGS-MGS-AGS,15.4(2)T4,FALSE,FALSE,TRUE,TRUE,FALSE,FALSE,FALSE
bjta002444-SW14,Cisco IOS Switch,Cisco,3560E,15.2(HI_20170202)FLO_DSGS7,FALSE,FALSE,FALSE,FALSE,FALSE,FALSE,FALSE
l1,F5 Load Balancer,F5,"BIG-IP Virtual Edition",16.1.2.1 0.0.10 Point Release 1,FALSE,FALSE,FALSE,FALSE,FALSE,FALSE,TRUE
qapp-7024p,3Com Switch,3Com,test,"PowerConnect 7024P, 5.1.1.7, VxWorks 6.6",FALSE,FALSE,FALSE,FALSE,FALSE,FALSE,FALSE
qapp-aruba3200,Aruba WLC,Aruba,Aruba3200,6.4.2.4,FALSE,FALSE,TRUE,FALSE,FALSE,FALSE,FALSE
qapp-c3560-2,Cisco IOS Switch,Cisco,WS-C3560G-24TS,12.2(53)SE2,FALSE,TRUE,TRUE,FALSE,FALSE,FALSE,FALSE
qapp-cisco-iap,Cisco WAP,Cisco,AIR-AP1262N-C-K9,15.2(2)JB,FALSE,FALSE,FALSE,FALSE,FALSE,FALSE,FALSE
qapp-sonicwall,Dell Sonicwall,Dell,SonicWALL NSA,SonicOS Enhanced 6.1.2.3-20n,FALSE,FALSE,FALSE,FALSE,FALSE,FALSE,TRUE
qapp-vwlc,Cisco WLC,Cisco,Virtual Wireless LAN Controller,8.0.110.0,FALSE,FALSE,FALSE,FALSE,FALSE,FALSE,FALSE
sw2960-104,Cisco IOS Switch,Cisco,Catalyst 29xxStack,12.2(55)SE7,FALSE,FALSE,FALSE,FALSE,FALSE,FALSE,FALSE
sw2960-105,Cisco IOS Switch,Cisco,Catalyst 29xxStack,12.2(55)SE7,FALSE,FALSE,FALSE,FALSE,FALSE,FALSE,FALSE
sw2960-106,Cisco IOS Switch,Cisco,Catalyst 29xxStack,12.2(53)SE2,FALSE,FALSE,FALSE,FALSE,FALSE,FALSE,FALSE
sw2960-107,Cisco IOS Switch,Cisco,Catalyst 29xxStack,12.2(55)SE8,FALSE,FALSE,FALSE,FALSE,FALSE,FALSE,FALSE
sw2960-109,Cisco IOS Switch,Cisco,Catalyst 29xxStack,12.2(55)SE8,FALSE,FALSE,FALSE,FALSE,FALSE,FALSE,FALSE
sw2960-121,Cisco IOS Switch,Cisco,Catalyst 29xxStack,15.0(2)EX5,FALSE,FALSE,FALSE,FALSE,FALSE,FALSE,FALSE
sw2960-133,Cisco IOS Switch,Cisco,Catalyst 29xxStack,15.0(2)EX5,FALSE,FALSE,FALSE,FALSE,FALSE,FALSE,FALSE
sw3560-123,Cisco IOS Switch,Cisco,Catalyst 3560X-24,12.2(55)SE8,FALSE,FALSE,FALSE,FALSE,FALSE,FALSE,FALSE
sw3850-102,Cisco IOS Switch,Cisco,Catalyst 3850-24P,15.0(1)EX3,FALSE,FALSE,FALSE,FALSE,FALSE,FALSE,FALSE
ASARouter,Cisco IOS Switch,Cisco,3560E,15.2(HI_20170202)FLO_DSGS7,FALSE,FALSE,FALSE,FALSE,FALSE,FALSE,FALSE
BJ_L2_test_1,Cisco IOS Switch,Cisco,WS-C3750-24TS,12.2(55)SE4,FALSE,FALSE,TRUE,FALSE,FALSE,FALSE,FALSE
CA-YVR-R1,Cisco Router,Cisco,CGS-MGS-AGS,15.4(2)T4,FALSE,FALSE,TRUE,TRUE,FALSE,FALSE,FALSE
CE2-MX,Juniper Router,Juniper,MX150,14.1R4.8,FALSE,FALSE,FALSE,FALSE,FALSE,FALSE,FALSE
CE3-MX,Juniper Router,Juniper,MX150,14.1R4.8,FALSE,FALSE,FALSE,FALSE,FALSE,FALSE,FALSE
CE4-MX,Juniper Router,Juniper,MX150,14.1R4.8,FALSE,FALSE,FALSE,FALSE,FALSE,FALSE,FALSE
CE4-MX:r2,Juniper Router,Juniper,MX150,14.1R4.8,FALSE,FALSE,TRUE,FALSE,FALSE,FALSE,FALSE
CE4-MX:r3,Juniper Router,Juniper,MX150,14.1R4.8,FALSE,FALSE,TRUE,FALSE,FALSE,FALSE,FALSE
EIGRP-R1,Cisco Router,Cisco,CGS-MGS-AGS,15.4(2)T4,TRUE,FALSE,FALSE,FALSE,FALSE,FALSE,FALSE
EIGRP-R10,Cisco Router,Cisco,CGS-MGS-AGS,15.4(2)T4,TRUE,FALSE,TRUE,FALSE,FALSE,FALSE,FALSE
EIGRP-R11,Cisco Router,Cisco,CGS-MGS-AGS,15.4(2)T4,TRUE,FALSE,FALSE,FALSE,FALSE,FALSE,FALSE
EIGRP-R2,Cisco Router,Cisco,CGS-MGS-AGS,15.4(2)T4,TRUE,FALSE,FALSE,FALSE,FALSE,FALSE,FALSE
EIGRP-R5,Cisco Router,Cisco,CGS-MGS-AGS,15.4(2)T4,TRUE,FALSE,TRUE,FALSE,FALSE,FALSE,FALSE
Emu_NB_NYC_MGMT,Cisco Router,Cisco,CGS-MGS-AGS,15.2(CML_NIGHTLY_20150703)FLO_DSGS7,FALSE,FALSE,TRUE,FALSE,FALSE,FALSE,FALSE
ISIS-R6,Cisco Router,Cisco,CGS-MGS-AGS,15.4(2)T4,FALSE,TRUE,FALSE,FALSE,FALSE,FALSE,FALSE
Multicast-R05,Cisco Router,Cisco,CGS-MGS-AGS,15.4(2)T4,FALSE,FALSE,TRUE,FALSE,FALSE,FALSE,FALSE
Multicast-R07,Cisco Router,Cisco,CGS-MGS-AGS,15.4(2)T4,FALSE,FALSE,TRUE,FALSE,FALSE,FALSE,FALSE
Multicast-R09,Cisco Router,Cisco,CGS-MGS-AGS,15.4(2)T4,FALSE,FALSE,TRUE,FALSE,FALSE,FALSE,FALSE
Multicast-R22,Cisco Router,Cisco,CGS-MGS-AGS,15.4(2)T4,FALSE,FALSE,TRUE,FALSE,FALSE,FALSE,FALSE
Multicast-Receiver4,Cisco Router,Cisco,CGS-MGS-AGS,15.4(2)T4,FALSE,FALSE,FALSE,FALSE,FALSE,FALSE,FALSE
Multicast-Receiver5,Cisco Router,Cisco,CGS-MGS-AGS,15.4(2)T4,FALSE,FALSE,FALSE,FALSE,FALSE,FALSE,FALSE
Multicast-Receiver6,Cisco Router,Cisco,CGS-MGS-AGS,15.4(2)T4,FALSE,FALSE,FALSE,FALSE,FALSE,FALSE,FALSE
NBLAB-IOS-CE1,Cisco Router,Cisco,CGS-MGS-AGS,15.7(3)M2,FALSE,FALSE,FALSE,TRUE,FALSE,FALSE,FALSE
NBLAB-IOS-CE2,Cisco Router,Cisco,CGS-MGS-AGS,15.7(3)M2,FALSE,FALSE,FALSE,TRUE,FALSE,FALSE,FALSE
NBLAB-XR-PE3,Cisco IOS XR,Cisco,IOSXRV,6.0.0[Default],FALSE,FALSE,TRUE,TRUE,FALSE,FALSE,FALSE
NBLAB-XR-PE4,Cisco IOS XR,Cisco,IOSXRV,6.0.0[Default],FALSE,FALSE,TRUE,TRUE,FALSE,FALSE,FALSE
NIC-Lab-CE1,Cisco Router,Cisco,CGS-MGS-AGS,15.4(2)T4,FALSE,FALSE,TRUE,FALSE,FALSE,FALSE,FALSE
NIC-Lab-XR2,Cisco IOS XR,Cisco,IOSXRV,6.0.0[Default],FALSE,FALSE,TRUE,TRUE,FALSE,FALSE,FALSE
OSPFv3-R11,Cisco IOS Switch,Cisco,3560E,15.2(HI_20170202)FLO_DSGS7,FALSE,FALSE,FALSE,FALSE,FALSE,FALSE,FALSE
OSPFv3-R13,Cisco IOS Switch,Cisco,3560E,15.2(HI_20170202)FLO_DSGS7,FALSE,FALSE,FALSE,FALSE,FALSE,FALSE,FALSE
OSPFv3-R14,Cisco IOS Switch,Cisco,3560E,15.2(HI_20170202)FLO_DSGS7,FALSE,FALSE,FALSE,FALSE,FALSE,FALSE,FALSE
OSPFv3-R15,Cisco IOS Switch,Cisco,3560E,15.2(HI_20170202)FLO_DSGS7,FALSE,FALSE,FALSE,FALSE,FALSE,FALSE,FALSE
OSPFv3-R19,Cisco IOS Switch,Cisco,3560E,15.2(HI_20170202)FLO_DSGS7,FALSE,FALSE,FALSE,FALSE,FALSE,FALSE,FALSE
OSPFv3-R23,Cisco IOS Switch,Cisco,3560E,15.2(HI_20170202)FLO_DSGS7,FALSE,FALSE,FALSE,FALSE,FALSE,FALSE,FALSE
OSPFv3-R27,Cisco IOS Switch,Cisco,3560E,15.2(HI_20170202)FLO_DSGS7,FALSE,FALSE,FALSE,FALSE,FALSE,FALSE,FALSE
OSPFv3-R30,Cisco IOS Switch,Cisco,3560E,15.2(HI_20170202)FLO_DSGS7,FALSE,FALSE,FALSE,FALSE,FALSE,FALSE,FALSE
OSPFv3-R31,Cisco IOS Switch,Cisco,3560E,15.2(HI_20170202)FLO_DSGS7,FALSE,FALSE,FALSE,FALSE,FALSE,FALSE,FALSE
OSPFv3-R37,Cisco IOS Switch,Cisco,3560E,15.2(HI_20170202)FLO_DSGS7,FALSE,FALSE,FALSE,FALSE,FALSE,FALSE,FALSE
OSPFv3-R43,Cisco IOS Switch,Cisco,3560E,15.2(HI_20170202)FLO_DSGS7,FALSE,FALSE,FALSE,FALSE,FALSE,FALSE,FALSE
P4-QFX,Opengear Infrastructure Manager,Opengear,,"Juniper Networks, Inc. vqfx-10000 Ethernet Switch, kernel JUNOS 17.4R1.16, Build date: 2017-12-19 22:53:10 UTC Copyright (c) 1996-2017 Juniper Networks, Inc.",FALSE,FALSE,FALSE,FALSE,FALSE,FALSE,FALSE
PE2-MX,Juniper Router,Juniper,MX150,14.1R4.8,FALSE,FALSE,TRUE,TRUE,FALSE,FALSE,FALSE
Scl-Acc-2960X-02,Cisco IOS Switch,Cisco,WS-C2960XR-48TS-I,15.0(2)EX5,FALSE,FALSE,FALSE,FALSE,FALSE,FALSE,FALSE
US-DFW-R1,Cisco Router,Cisco,CGS-MGS-AGS,15.4(2)T4,FALSE,FALSE,TRUE,TRUE,FALSE,FALSE,FALSE
US-NYC-DMZ-SW1,Cisco IOS Switch,Cisco,3560E,15.2(HI_20170202)FLO_DSGS7,FALSE,FALSE,TRUE,FALSE,FALSE,FALSE,FALSE
US-NYC-Enterprise-SW1,Cisco IOS Switch,Cisco,3560E,15.2(HI_20170202)FLO_DSGS7,FALSE,FALSE,TRUE,FALSE,FALSE,FALSE,FALSE
US-NYC-Production-SW1,Cisco IOS Switch,Cisco,3560E,15.2(HI_20170202)FLO_DSGS7,FALSE,FALSE,TRUE,FALSE,FALSE,FALSE,FALSE
US-Portland-R1,Cisco Router,Cisco,CGS-MGS-AGS,15.4(2)T4,FALSE,FALSE,TRUE,TRUE,FALSE,FALSE,FALSE
US-SAN-R1,Cisco Router,Cisco,CGS-MGS-AGS,15.4(2)T4,FALSE,FALSE,TRUE,TRUE,FALSE,FALSE,FALSE
US-SMF-R1,Cisco Router,Cisco,CGS-MGS-AGS,15.4(2)T4,FALSE,FALSE,TRUE,TRUE,FALSE,FALSE,FALSE
